ts,elapsed_s,sql_state,bc_state,sql_query_ms,bc_api_ms,bc_http,web_http,restarts,note
2026-08-13T00:53:39+02:00,0,running,running,318,43,200,200,1,
2026-08-13T00:54:25+02:00,46,running,running,319,41,200,200,1,
2026-08-13T00:55:10+02:00,92,running,running,305,51,200,200,1,
2026-08-13T00:55:56+02:00,137,running,running,324,41,200,200,1,
2026-08-13T00:56:42+02:00,183,running,running,304,50,200,200,1,
2026-08-13T00:57:28+02:00,229,running,running,318,48,200,200,1,
2026-08-13T00:58:13+02:00,275,running,running,322,46,200,200,1,
2026-08-13T00:58:59+02:00,320,running,running,325,41,200,200,1,
2026-08-13T00:59:45+02:00,366,running,running,316,38,200,200,1,
2026-08-13T01:00:30+02:00,412,running,running,321,41,200,200,1,
2026-08-13T01:01:16+02:00,457,running,running,326,46,200,200,1,
2026-08-13T01:02:02+02:00,503,running,running,309,46,200,200,1,
2026-08-13T01:02:47+02:00,549,running,running,320,45,200,200,1,
2026-08-13T01:03:33+02:00,594,running,running,360,40,200,200,1,
2026-08-13T01:04:19+02:00,640,running,running,314,40,200,200,1,
2026-08-13T01:05:04+02:00,686,running,running,304,47,200,200,1,
2026-08-13T01:05:50+02:00,732,running,running,331,43,200,200,1,
2026-08-13T01:06:36+02:00,777,running,running,320,50,200,200,1,
2026-08-13T01:07:22+02:00,823,running,running,318,45,200,200,1,
2026-08-13T01:08:07+02:00,869,running,running,316,41,200,200,1,
2026-08-13T01:08:53+02:00,914,running,running,322,44,200,200,1,
2026-08-13T01:09:39+02:00,960,running,running,313,51,200,200,1,
2026-08-13T01:10:24+02:00,1006,running,running,328,47,200,200,1,
2026-08-13T01:11:10+02:00,1051,running,running,315,49,200,200,1,
2026-08-13T01:11:56+02:00,1097,running,running,316,46,200,200,1,
2026-08-13T01:12:41+02:00,1143,running,running,319,41,200,200,1,
2026-08-13T01:13:27+02:00,1189,running,running,322,47,200,200,1,
2026-08-13T01:14:13+02:00,1234,running,running,320,48,200,200,1,
2026-08-13T01:14:59+02:00,1280,running,running,322,40,200,200,1,
2026-08-13T01:15:44+02:00,1326,running,running,318,53,200,200,1,
2026-08-13T01:16:30+02:00,1371,running,running,310,46,200,200,1,
2026-08-13T01:17:16+02:00,1417,running,running,321,44,200,200,1,
2026-08-13T01:18:01+02:00,1463,running,running,325,42,200,200,1,
2026-08-13T01:18:47+02:00,1508,running,running,317,42,200,200,1,
2026-08-13T01:19:33+02:00,1554,running,running,320,49,200,200,1,
2026-08-13T01:20:18+02:00,1600,running,running,323,42,200,200,1,
2026-08-13T01:21:04+02:00,1646,running,running,319,47,200,200,1,
2026-08-13T01:21:50+02:00,1691,running,running,317,47,200,200,1,
2026-08-13T01:22:36+02:00,1737,running,running,320,45,200,200,1,
2026-08-13T01:23:21+02:00,1783,running,running,325,47,200,200,1,
2026-08-13T01:24:07+02:00,1828,running,running,319,47,200,200,1,
2026-08-13T01:24:53+02:00,1874,running,running,320,44,200,200,1,
2026-08-13T01:25:38+02:00,1920,running,running,321,43,200,200,1,
2026-08-13T01:26:24+02:00,1965,running,running,313,39,200,200,1,
2026-08-13T01:27:10+02:00,2011,running,running,320,44,200,200,1,
2026-08-13T01:27:55+02:00,2057,running,running,320,45,200,200,1,
2026-08-13T01:28:41+02:00,2102,running,running,317,43,200,200,1,
2026-08-13T01:29:27+02:00,2148,running,running,322,54,200,200,1,
2026-08-13T01:30:13+02:00,2194,running,running,321,43,200,200,1,
2026-08-13T01:30:58+02:00,2240,running,running,321,38,200,200,1,
2026-08-13T01:31:44+02:00,2285,running,running,322,41,200,200,1,
2026-08-13T01:32:30+02:00,2331,running,running,331,41,200,200,1,
2026-08-13T01:33:15+02:00,2377,running,running,318,44,200,200,1,
2026-08-13T01:34:01+02:00,2422,running,running,317,45,200,200,1,
2026-08-13T01:34:47+02:00,2468,running,running,323,42,200,200,1,
2026-08-13T01:35:32+02:00,2514,running,running,316,46,200,200,1,
2026-08-13T01:36:18+02:00,2559,running,running,308,46,200,200,1,
2026-08-13T01:37:04+02:00,2605,running,running,321,45,200,200,1,
2026-08-13T01:37:50+02:00,2651,running,running,323,40,200,200,1,
2026-08-13T01:38:35+02:00,2697,running,running,308,50,200,200,1,
2026-08-13T01:39:21+02:00,2742,running,running,319,55,200,200,1,
2026-08-13T01:40:07+02:00,2788,running,running,321,42,200,200,1,
2026-08-13T01:40:52+02:00,2834,running,running,314,45,200,200,1,
2026-08-13T01:41:38+02:00,2879,running,running,313,50,200,200,1,
2026-08-13T01:42:24+02:00,2925,running,running,322,39,200,200,1,
2026-08-13T01:43:09+02:00,2971,running,running,312,43,200,200,1,
2026-08-13T01:43:55+02:00,3016,running,running,335,51,200,200,1,
2026-08-13T01:44:41+02:00,3062,running,running,326,44,200,200,1,
2026-08-13T01:45:27+02:00,3108,running,running,314,42,200,200,1,
2026-08-13T01:46:12+02:00,3154,running,running,315,43,200,200,1,
2026-08-13T01:46:58+02:00,3199,running,running,325,42,200,200,1,
2026-08-13T01:47:44+02:00,3245,running,running,318,48,200,200,1,
2026-08-13T01:48:29+02:00,3291,running,running,315,43,200,200,1,
2026-08-13T01:49:15+02:00,3336,running,running,315,45,200,200,1,
2026-08-13T01:50:01+02:00,3382,running,running,320,48,200,200,1,
2026-08-13T01:50:46+02:00,3428,running,running,314,41,200,200,1,
2026-08-13T01:51:32+02:00,3473,running,running,321,45,200,200,1,
2026-08-13T01:52:18+02:00,3519,running,running,322,43,200,200,1,
2026-08-13T01:53:03+02:00,3565,running,running,316,39,200,200,1,
2026-08-13T01:53:49+02:00,3610,running,running,319,44,200,200,1,
2026-08-13T01:54:35+02:00,3656,running,running,317,43,200,200,1,
2026-08-13T01:55:21+02:00,3702,running,running,318,38,200,200,1,
2026-08-13T01:56:06+02:00,3748,running,running,324,40,200,200,1,
2026-08-13T01:56:52+02:00,3793,running,running,318,38,200,200,1,
2026-08-13T01:57:38+02:00,3839,running,running,322,41,200,200,1,
2026-08-13T01:58:23+02:00,3885,running,running,325,40,200,200,1,
2026-08-13T01:59:09+02:00,3930,running,running,322,40,200,200,1,
2026-08-13T01:59:55+02:00,3976,running,running,317,47,200,200,1,
2026-08-13T02:00:40+02:00,4022,running,running,321,40,200,200,1,
2026-08-13T02:01:26+02:00,4067,running,running,323,42,200,200,1,
2026-08-13T02:02:12+02:00,4113,running,running,314,53,200,200,1,
2026-08-13T02:02:58+02:00,4159,running,running,323,37,200,200,1,
2026-08-13T02:03:43+02:00,4205,running,running,318,41,200,200,1,
2026-08-13T02:04:29+02:00,4250,running,running,322,53,200,200,1,
2026-08-13T02:05:15+02:00,4296,running,running,310,43,200,200,1,
2026-08-13T02:06:00+02:00,4342,running,running,318,45,200,200,1,
2026-08-13T02:06:46+02:00,4387,running,running,318,65,200,200,1,
2026-08-13T02:07:32+02:00,4433,running,running,312,45,200,200,1,
2026-08-13T02:08:17+02:00,4479,running,running,322,36,200,200,1,
2026-08-13T02:09:03+02:00,4524,running,running,320,40,200,200,1,
2026-08-13T02:09:49+02:00,4570,running,running,317,43,200,200,1,
2026-08-13T02:10:34+02:00,4616,running,running,326,43,200,200,1,
2026-08-13T02:11:20+02:00,4661,running,running,320,40,200,200,1,
2026-08-13T02:12:06+02:00,4707,running,running,322,41,200,200,1,
2026-08-13T02:12:52+02:00,4753,running,running,323,43,200,200,1,
2026-08-13T02:13:37+02:00,4799,running,running,324,47,200,200,1,
2026-08-13T02:14:23+02:00,4844,running,running,315,45,200,200,1,
2026-08-13T02:15:09+02:00,4890,running,running,323,58,200,200,1,
2026-08-13T02:15:54+02:00,4936,running,running,320,37,200,200,1,
2026-08-13T02:16:40+02:00,4981,running,running,317,40,200,200,1,
2026-08-13T02:17:26+02:00,5027,running,running,316,43,200,200,1,
2026-08-13T02:18:11+02:00,5073,running,running,326,46,200,200,1,
2026-08-13T02:18:57+02:00,5118,running,running,321,45,200,200,1,
2026-08-13T02:19:43+02:00,5164,running,running,316,48,200,200,1,
2026-08-13T02:20:28+02:00,5210,running,running,317,37,200,200,1,
2026-08-13T02:21:14+02:00,5256,running,running,319,52,200,200,1,
2026-08-13T02:22:00+02:00,5301,running,running,310,36,200,200,1,
2026-08-13T02:22:46+02:00,5347,running,running,324,47,200,200,1,
2026-08-13T02:23:31+02:00,5393,running,running,320,41,200,200,1,
2026-08-13T02:24:17+02:00,5438,running,running,315,39,200,200,1,
2026-08-13T02:25:03+02:00,5484,running,running,322,39,200,200,1,
2026-08-13T02:25:48+02:00,5530,running,running,325,42,200,200,1,
2026-08-13T02:26:34+02:00,5575,running,running,322,45,200,200,1,
2026-08-13T02:27:20+02:00,5621,running,running,319,49,200,200,1,
2026-08-13T02:28:05+02:00,5667,running,running,325,47,200,200,1,
2026-08-13T02:28:51+02:00,5712,running,running,311,41,200,200,1,
2026-08-13T02:29:37+02:00,5758,running,running,320,41,200,200,1,
2026-08-13T02:30:23+02:00,5804,running,running,330,46,200,200,1,
2026-08-13T02:31:08+02:00,5850,running,running,317,47,200,200,1,
2026-08-13T02:31:54+02:00,5895,running,running,328,47,200,200,1,
2026-08-13T02:32:40+02:00,5941,running,running,329,48,200,200,1,
2026-08-13T02:33:25+02:00,5987,running,running,315,39,200,200,1,
2026-08-13T02:34:11+02:00,6032,running,running,320,45,200,200,1,
2026-08-13T02:34:57+02:00,6078,running,running,323,38,200,200,1,
2026-08-13T02:35:42+02:00,6124,running,running,316,45,200,200,1,
2026-08-13T02:36:28+02:00,6169,running,running,326,39,200,200,1,
2026-08-13T02:37:14+02:00,6215,running,running,317,43,200,200,1,
2026-08-13T02:38:00+02:00,6261,running,running,318,40,200,200,1,
2026-08-13T02:38:45+02:00,6307,running,running,317,46,200,200,1,
2026-08-13T02:39:31+02:00,6352,running,running,319,43,200,200,1,
2026-08-13T02:40:17+02:00,6398,running,running,312,44,200,200,1,
2026-08-13T02:41:02+02:00,6444,running,running,320,52,200,200,1,
2026-08-13T02:41:48+02:00,6489,running,running,320,42,200,200,1,
2026-08-13T02:42:34+02:00,6535,running,running,318,45,200,200,1,
2026-08-13T02:43:19+02:00,6581,running,running,323,46,200,200,1,
2026-08-13T02:44:05+02:00,6626,running,running,325,47,200,200,1,
2026-08-13T02:44:51+02:00,6672,running,running,324,46,200,200,1,
2026-08-13T02:45:37+02:00,6718,running,running,315,42,200,200,1,
2026-08-13T02:46:22+02:00,6764,running,running,325,40,200,200,1,
2026-08-13T02:47:08+02:00,6809,running,running,320,45,200,200,1,
2026-08-13T02:47:54+02:00,6855,running,running,313,40,200,200,1,
2026-08-13T02:48:39+02:00,6901,running,running,320,56,200,200,1,
2026-08-13T02:49:25+02:00,6946,running,running,325,38,200,200,1,
2026-08-13T02:50:11+02:00,6992,running,running,313,41,200,200,1,
2026-08-13T02:50:56+02:00,7038,running,running,318,43,200,200,1,
2026-08-13T02:51:42+02:00,7083,running,running,319,42,200,200,1,
2026-08-13T02:52:28+02:00,7129,running,running,314,45,200,200,1,
2026-08-13T02:53:14+02:00,7175,running,running,313,45,200,200,1,
2026-08-13T02:53:59+02:00,7221,running,running,324,42,200,200,1,
2026-08-13T02:54:45+02:00,7266,running,running,320,42,200,200,1,
2026-08-13T02:55:31+02:00,7312,running,running,304,42,200,200,1,
2026-08-13T02:56:16+02:00,7358,running,running,324,42,200,200,1,
2026-08-13T02:57:02+02:00,7403,running,running,329,40,200,200,1,
2026-08-13T02:57:48+02:00,7449,running,running,318,41,200,200,1,
2026-08-13T02:58:33+02:00,7495,running,running,322,50,200,200,1,
2026-08-13T02:59:19+02:00,7540,running,running,327,39,200,200,1,
2026-08-13T03:00:05+02:00,7586,running,running,322,48,200,200,1,
2026-08-13T03:00:50+02:00,7632,running,running,324,44,200,200,1,
2026-08-13T03:01:36+02:00,7678,running,running,316,38,200,200,1,
2026-08-13T03:02:22+02:00,7723,running,running,315,40,200,200,1,
2026-08-13T03:03:08+02:00,7769,running,running,321,48,200,200,1,
2026-08-13T03:03:53+02:00,7815,running,running,322,36,200,200,1,
2026-08-13T03:04:39+02:00,7860,running,running,319,38,200,200,1,
2026-08-13T03:05:25+02:00,7906,running,running,323,39,200,200,1,
2026-08-13T03:06:10+02:00,7952,running,running,324,41,200,200,1,
2026-08-13T03:06:56+02:00,7997,running,running,314,44,200,200,1,
2026-08-13T03:07:42+02:00,8043,running,running,320,41,200,200,1,
2026-08-13T03:08:27+02:00,8089,running,running,318,48,200,200,1,
2026-08-13T03:09:13+02:00,8134,running,running,313,43,200,200,1,
2026-08-13T03:09:59+02:00,8180,running,running,305,47,200,200,1,
2026-08-13T03:10:44+02:00,8226,running,running,314,46,200,200,1,
2026-08-13T03:11:30+02:00,8271,running,running,318,41,200,200,1,
2026-08-13T03:12:16+02:00,8317,running,running,312,47,200,200,1,
2026-08-13T03:13:02+02:00,8363,running,running,316,42,200,200,1,
2026-08-13T03:13:47+02:00,8409,running,running,320,47,200,200,1,
2026-08-13T03:14:33+02:00,8454,running,running,320,38,200,200,1,
2026-08-13T03:15:19+02:00,8500,running,running,323,53,200,200,1,
2026-08-13T03:16:04+02:00,8546,running,running,324,51,200,200,1,
2026-08-13T03:16:50+02:00,8591,running,running,314,41,200,200,1,
2026-08-13T03:17:36+02:00,8637,running,running,327,44,200,200,1,
2026-08-13T03:18:21+02:00,8683,running,running,321,58,200,200,1,
2026-08-13T03:19:07+02:00,8728,running,running,314,46,200,200,1,
2026-08-13T03:19:53+02:00,8774,running,running,320,40,200,200,1,
2026-08-13T03:20:38+02:00,8820,running,running,323,42,200,200,1,
2026-08-13T03:21:24+02:00,8865,running,running,314,39,200,200,1,
2026-08-13T03:22:10+02:00,8911,running,running,320,38,200,200,1,
2026-08-13T03:22:56+02:00,8957,running,running,322,38,200,200,1,
2026-08-13T03:23:41+02:00,9003,running,running,316,40,200,200,1,
2026-08-13T03:24:27+02:00,9048,running,running,328,42,200,200,1,
2026-08-13T03:25:13+02:00,9094,running,running,301,36,200,200,1,
2026-08-13T03:25:58+02:00,9140,running,running,314,43,200,200,1,
2026-08-13T03:26:44+02:00,9185,running,running,316,45,200,200,1,
2026-08-13T03:27:30+02:00,9231,running,running,317,48,200,200,1,
2026-08-13T03:28:15+02:00,9277,running,running,316,41,200,200,1,
2026-08-13T03:29:01+02:00,9322,running,running,313,39,200,200,1,
2026-08-13T03:29:47+02:00,9368,running,running,320,49,200,200,1,
2026-08-13T03:30:32+02:00,9414,running,running,317,44,200,200,1,
2026-08-13T03:31:18+02:00,9459,running,running,318,39,200,200,1,
2026-08-13T03:32:04+02:00,9505,running,running,321,47,200,200,1,
2026-08-13T03:32:49+02:00,9551,running,running,315,42,200,200,1,
2026-08-13T03:33:35+02:00,9597,running,running,312,44,200,200,1,
2026-08-13T03:34:21+02:00,9642,running,running,318,38,200,200,1,
2026-08-13T03:35:07+02:00,9688,running,running,316,42,200,200,1,
2026-08-13T03:35:52+02:00,9734,running,running,315,44,200,200,1,
2026-08-13T03:36:38+02:00,9779,running,running,320,38,200,200,1,
2026-08-13T03:37:24+02:00,9825,running,running,322,45,200,200,1,
2026-08-13T03:38:09+02:00,9871,running,running,318,40,200,200,1,
2026-08-13T03:38:55+02:00,9916,running,running,318,38,200,200,1,
2026-08-13T03:39:41+02:00,9962,running,running,320,42,200,200,1,
2026-08-13T03:40:26+02:00,10008,running,running,319,43,200,200,1,
2026-08-13T03:41:12+02:00,10053,running,running,321,42,200,200,1,
2026-08-13T03:41:58+02:00,10099,running,running,324,39,200,200,1,
2026-08-13T03:42:44+02:00,10145,running,running,318,46,200,200,1,
2026-08-13T03:43:29+02:00,10191,running,running,320,39,200,200,1,
2026-08-13T03:44:15+02:00,10236,running,running,317,44,200,200,1,
2026-08-13T03:45:01+02:00,10282,running,running,309,43,200,200,1,
2026-08-13T03:45:46+02:00,10328,running,running,314,36,200,200,1,
2026-08-13T03:46:32+02:00,10373,running,running,325,40,200,200,1,
2026-08-13T03:47:18+02:00,10419,running,running,313,50,200,200,1,
2026-08-13T03:48:03+02:00,10465,running,running,315,42,200,200,1,
2026-08-13T03:48:49+02:00,10510,running,running,320,41,200,200,1,
2026-08-13T03:49:35+02:00,10556,running,running,321,37,200,200,1,
2026-08-13T03:50:20+02:00,10602,running,running,313,44,200,200,1,
2026-08-13T03:51:06+02:00,10647,running,running,319,44,200,200,1,
2026-08-13T03:51:52+02:00,10693,running,running,320,43,200,200,1,
2026-08-13T03:52:37+02:00,10739,running,running,318,45,200,200,1,
2026-08-13T03:53:23+02:00,10785,running,running,322,43,200,200,1,
# soak finished after 10830s; log: /tmp/soak-goal.csv
# polls=238  sql_ok=238 (100.0%)  api_ok=237 (99.6%)  web_ok=237 (99.6%)
# no failures observed
